name,alpha2,alpha3,ccTLD,countryCallingCodes,currencies,emoji,ioc,languages,status
Afghanistan,AF,AFG,,+93,AFN,ğŸ‡¦ğŸ‡«,AFG,pus,assigned
Albania,AL,ALB,,+355,ALL,ğŸ‡¦ğŸ‡±,ALB,sqi,assigned
Algeria,DZ,DZA,,+213,DZD,ğŸ‡©ğŸ‡¿,ALG,ara,assigned
American Samoa,AS,ASM,,+1 684,USD,ğŸ‡¦ğŸ‡¸,ASA,"eng,smo",assigned
Andorra,AD,AND,,+376,EUR,ğŸ‡¦ğŸ‡©,AND,cat,assigned
Angola,AO,AGO,,+244,AOA,ğŸ‡¦ğŸ‡´,ANG,por,assigned
Anguilla,AI,AIA,,+1 264,XCD,ğŸ‡¦ğŸ‡®,,eng,assigned
Antarctica,AQ,ATA,,+672,,ğŸ‡¦ğŸ‡¶,,,assigned
Antigua And Barbuda,AG,ATG,,+1 268,XCD,ğŸ‡¦ğŸ‡¬,ANT,eng,assigned
Argentina,AR,ARG,,+54,ARS,ğŸ‡¦ğŸ‡·,ARG,spa,assigned
Armenia,AM,ARM,,+374,AMD,ğŸ‡¦ğŸ‡²,ARM,"hye,rus",assigned
Aruba,AW,ABW,,+297,AWG,ğŸ‡¦ğŸ‡¼,ARU,nld,assigned
Ascension Island,AC,,.ac,+247,USD,,SHP,eng,reserved
Australia,AU,AUS,,+61,AUD,ğŸ‡¦ğŸ‡º,AUS,eng,assigned
Austria,AT,AUT,,+43,EUR,ğŸ‡¦ğŸ‡¹,AUT,deu,assigned
Azerbaijan,AZ,AZE,,+994,AZN,ğŸ‡¦ğŸ‡¿,AZE,aze,assigned
Bahamas,BS,BHS,,+1 242,BSD,ğŸ‡§ğŸ‡¸,BAH,eng,assigned
Bahrain,BH,BHR,,+973,BHD,ğŸ‡§ğŸ‡­,BRN,ara,assigned
Bangladesh,BD,BGD,,+880,BDT,ğŸ‡§ğŸ‡©,BAN,ben,assigned
Barbados,BB,BRB,,+1 246,BBD,ğŸ‡§ğŸ‡§,BAR,eng,assigned
Belarus,BY,BLR,,+375,BYR,ğŸ‡§ğŸ‡¾,BLR,"bel,rus",assigned
Belgium,BE,BEL,,+32,EUR,ğŸ‡§ğŸ‡ª,BEL,"nld,fra,deu",assigned
Belize,BZ,BLZ,,+501,BZD,ğŸ‡§ğŸ‡¿,BIZ,eng,assigned
Benin,BJ,BEN,,+229,XOF,ğŸ‡§ğŸ‡¯,BEN,fra,assigned
Bermuda,BM,BMU,,+1 441,BMD,ğŸ‡§ğŸ‡²,BER,eng,assigned
Bhutan,BT,BTN,,+975,"INR,BTN",ğŸ‡§ğŸ‡¹,BHU,dzo,assigned
"Bolivia, Plurinational State Of",BO,BOL,,+591,"BOB,BOV",ğŸ‡§ğŸ‡´,BOL,"spa,aym,que",assigned
"Bonaire, Saint Eustatius And Saba",BQ,BES,,+599,USD,ğŸ‡§ğŸ‡¶,,nld,assigned
Bosnia & Herzegovina,BA,BIH,,+387,BAM,ğŸ‡§ğŸ‡¦,BIH,"bos,cre,srp",assigned
Botswana,BW,BWA,,+267,BWP,ğŸ‡§ğŸ‡¼,BOT,"eng,tsn",assigned
Bouvet Island,BV,BVT,,,NOK,ğŸ‡§ğŸ‡»,,,assigned
Brazil,BR,BRA,,+55,BRL,ğŸ‡§ğŸ‡·,BRA,por,assigned
British Indian Ocean Territory,IO,IOT,,+246,USD,ğŸ‡®ğŸ‡´,,eng,assigned
Brunei Darussalam,BN,BRN,,+673,BND,ğŸ‡§ğŸ‡³,BRU,"msa,eng",assigned
Bulgaria,BG,BGR,,+359,BGN,ğŸ‡§ğŸ‡¬,BUL,bul,assigned
Burkina Faso,BF,BFA,,+226,XOF,ğŸ‡§ğŸ‡«,BUR,fra,assigned
Burundi,BI,BDI,,+257,BIF,ğŸ‡§ğŸ‡®,BDI,fra,assigned
Cabo Verde,CV,CPV,,+238,CVE,ğŸ‡¨ğŸ‡»,CPV,por,assigned
Cambodia,KH,KHM,,+855,KHR,ğŸ‡°ğŸ‡­,CAM,khm,assigned
Cameroon,CM,CMR,,+237,XAF,ğŸ‡¨ğŸ‡²,CMR,"eng,fra",assigned
Canada,CA,CAN,,+1,CAD,ğŸ‡¨ğŸ‡¦,CAN,"eng,fra",assigned
Canary Islands,IC,,,,EUR,,,,reserved
Cayman Islands,KY,CYM,,+1 345,KYD,ğŸ‡°ğŸ‡¾,CAY,eng,assigned
Central African Republic,CF,CAF,,+236,XAF,ğŸ‡¨ğŸ‡«,CAF,"fra,sag",assigned
"Ceuta, Mulilla",EA,,,,EUR,,,,reserved
Chad,TD,TCD,,+235,XAF,ğŸ‡¹ğŸ‡©,CHA,"ara,fra",assigned
Chile,CL,CHL,,+56,"CLP,CLF",ğŸ‡¨ğŸ‡±,CHI,spa,assigned
China,CN,CHN,,+86,CNY,ğŸ‡¨ğŸ‡³,CHN,zho,assigned
Christmas Island,CX,CXR,,+61,AUD,ğŸ‡¨ğŸ‡½,,eng,assigned
Clipperton Island,CP,,,,EUR,,,,reserved
Cocos (Keeling) Islands,CC,CCK,,+61,AUD,ğŸ‡¨ğŸ‡¨,,eng,assigned
Colombia,CO,COL,,+57,"COP,COU",ğŸ‡¨ğŸ‡´,COL,spa,assigned
Comoros,KM,COM,,+269,KMF,ğŸ‡°ğŸ‡²,COM,"ara,fra",assigned
Cook Islands,CK,COK,,+682,NZD,ğŸ‡¨ğŸ‡°,COK,"eng,mri",assigned
Costa Rica,CR,CRI,,+506,CRC,ğŸ‡¨ğŸ‡·,CRC,spa,assigned
Croatia,HR,HRV,,+385,HRK,ğŸ‡­ğŸ‡·,CRO,hrv,assigned
Cuba,CU,CUB,,+53,"CUP,CUC",ğŸ‡¨ğŸ‡º,CUB,spa,assigned
Curacao,CW,CUW,,+599,ANG,ğŸ‡¨ğŸ‡¼,,nld,assigned
Cyprus,CY,CYP,,+357,EUR,ğŸ‡¨ğŸ‡¾,CYP,"ell,tur",assigned
Czech Republic,CZ,CZE,,+420,CZK,ğŸ‡¨ğŸ‡¿,CZE,ces,assigned
CÃ´te d'Ivoire,CI,CIV,,+225,XOF,ğŸ‡¨ğŸ‡®,CIV,fra,assigned
Democratic Republic Of Congo,CD,COD,,+243,CDF,ğŸ‡¨ğŸ‡©,COD,"fra,lin,kon,swa",assigned
Denmark,DK,DNK,,+45,DKK,ğŸ‡©ğŸ‡°,DEN,dan,assigned
Diego Garcia,DG,,,,USD,,,,reserved
Djibouti,DJ,DJI,,+253,DJF,ğŸ‡©ğŸ‡¯,DJI,"ara,fra",assigned
Dominica,DM,DMA,,+1 767,XCD,ğŸ‡©ğŸ‡²,DMA,eng,assigned
Dominican Republic,DO,DOM,,"+1 809,+1 829,+1 849",DOP,ğŸ‡©ğŸ‡´,DOM,spa,assigned
Ecuador,EC,ECU,,+593,USD,ğŸ‡ªğŸ‡¨,ECU,"spa,que",assigned
Egypt,EG,EGY,,+20,EGP,ğŸ‡ªğŸ‡¬,EGY,ara,assigned
El Salvador,SV,SLV,,+503,USD,ğŸ‡¸ğŸ‡»,ESA,spa,assigned
Equatorial Guinea,GQ,GNQ,,+240,XAF,ğŸ‡¬ğŸ‡¶,GEQ,"spa,fra,por",assigned
Eritrea,ER,ERI,,+291,ERN,ğŸ‡ªğŸ‡·,ERI,"eng,ara,tir",assigned
Estonia,EE,EST,,+372,EUR,ğŸ‡ªğŸ‡ª,EST,est,assigned
Ethiopia,ET,ETH,,+251,ETB,ğŸ‡ªğŸ‡¹,ETH,amh,assigned
European Union,EU,,.eu,+388,EUR,ğŸ‡ªğŸ‡º,,,reserved
Falkland Islands,FK,FLK,,+500,FKP,ğŸ‡«ğŸ‡°,,eng,assigned
Faroe Islands,FO,FRO,,+298,DKK,ğŸ‡«ğŸ‡´,FAI,"fao,dan",assigned
Fiji,FJ,FJI,,+679,FJD,ğŸ‡«ğŸ‡¯,FIJ,"eng,fij",assigned
Finland,FI,FIN,,+358,EUR,ğŸ‡«ğŸ‡®,FIN,"fin,swe",assigned
France,FR,FRA,,+33,EUR,ğŸ‡«ğŸ‡·,FRA,fra,assigned
"France, Metropolitan",FX,,,+241,EUR,,,fra,reserved
French Guiana,GF,GUF,,+594,EUR,ğŸ‡¬ğŸ‡«,,fra,assigned
French Polynesia,PF,PYF,,+689,XPF,ğŸ‡µğŸ‡«,,fra,assigned
French Southern Territories,TF,ATF,,,EUR,ğŸ‡¹ğŸ‡«,,fra,assigned
Gabon,GA,GAB,,+241,XAF,ğŸ‡¬ğŸ‡¦,GAB,fra,assigned
Gambia,GM,GMB,,+220,GMD,ğŸ‡¬ğŸ‡²,GAM,eng,assigned
Georgia,GE,GEO,,+995,GEL,ğŸ‡¬ğŸ‡ª,GEO,kat,assigned
Germany,DE,DEU,,+49,EUR,ğŸ‡©ğŸ‡ª,GER,deu,assigned
Ghana,GH,GHA,,+233,GHS,ğŸ‡¬ğŸ‡­,GHA,eng,assigned
Gibraltar,GI,GIB,,+350,GIP,ğŸ‡¬ğŸ‡®,,eng,assigned
Greece,GR,GRC,,+30,EUR,ğŸ‡¬ğŸ‡·,GRE,ell,assigned
Greenland,GL,GRL,,+299,DKK,ğŸ‡¬ğŸ‡±,,kal,assigned
Grenada,GD,GRD,,+473,XCD,ğŸ‡¬ğŸ‡©,GRN,eng,assigned
Guadeloupe,GP,GLP,,+590,EUR,ğŸ‡¬ğŸ‡µ,,fra,assigned
Guam,GU,GUM,,+1 671,USD,ğŸ‡¬ğŸ‡º,GUM,eng,assigned
Guatemala,GT,GTM,,+502,GTQ,ğŸ‡¬ğŸ‡¹,GUA,spa,assigned
Guernsey,GG,GGY,,+44,GBP,ğŸ‡¬ğŸ‡¬,GCI,fra,assigned
Guinea,GN,GIN,,+224,GNF,ğŸ‡¬ğŸ‡³,GUI,fra,assigned
Guinea-bissau,GW,GNB,,+245,XOF,ğŸ‡¬ğŸ‡¼,GBS,por,assigned
Guyana,GY,GUY,,+592,GYD,ğŸ‡¬ğŸ‡¾,GUY,eng,assigned
Haiti,HT,HTI,,+509,"HTG,USD",ğŸ‡­ğŸ‡¹,HAI,"fra,hat",assigned
Heard Island And McDonald Islands,HM,HMD,,,AUD,ğŸ‡­ğŸ‡²,,,assigned
Honduras,HN,HND,,+504,HNL,ğŸ‡­ğŸ‡³,HON,spa,assigned
Hong Kong,HK,HKG,,+852,HKD,ğŸ‡­ğŸ‡°,HKG,"zho,eng",assigned
Hungary,HU,HUN,,+36,HUF,ğŸ‡­ğŸ‡º,HUN,hun,assigned
Iceland,IS,ISL,,+354,ISK,ğŸ‡®ğŸ‡¸,ISL,isl,assigned
India,IN,IND,,+91,INR,ğŸ‡®ğŸ‡³,IND,"eng,hin",assigned
Indonesia,ID,IDN,,+62,IDR,ğŸ‡®ğŸ‡©,INA,ind,assigned
"Iran, Islamic Republic Of",IR,IRN,,+98,IRR,ğŸ‡®ğŸ‡·,IRI,fas,assigned
Iraq,IQ,IRQ,,+964,IQD,ğŸ‡®ğŸ‡¶,IRQ,"ara,kur",assigned
Ireland,IE,IRL,,+353,EUR,ğŸ‡®ğŸ‡ª,IRL,"eng,gle",assigned
Isle Of Man,IM,IMN,,+44,GBP,ğŸ‡®ğŸ‡²,,"eng,glv",assigned
Israel,IL,ISR,,+972,ILS,ğŸ‡®ğŸ‡±,ISR,"heb,ara,eng",assigned
Italy,IT,ITA,,+39,EUR,ğŸ‡®ğŸ‡¹,ITA,ita,assigned
Jamaica,JM,JAM,,+1 876,JMD,ğŸ‡¯ğŸ‡²,JAM,eng,assigned
Japan,JP,JPN,,+81,JPY,ğŸ‡¯ğŸ‡µ,JPN,jpn,assigned
Jersey,JE,JEY,,+44,GBP,ğŸ‡¯ğŸ‡ª,JCI,"eng,fra",assigned
Jordan,JO,JOR,,+962,JOD,ğŸ‡¯ğŸ‡´,JOR,ara,assigned
Kazakhstan,KZ,KAZ,,"+7,+7 6,+7 7",KZT,ğŸ‡°ğŸ‡¿,KAZ,"kaz,rus",assigned
Kenya,KE,KEN,,+254,KES,ğŸ‡°ğŸ‡ª,KEN,"eng,swa",assigned
Kiribati,KI,KIR,,+686,AUD,ğŸ‡°ğŸ‡®,KIR,eng,assigned
"Korea, Democratic People's Republic Of",KP,PRK,,+850,KPW,ğŸ‡°ğŸ‡µ,PRK,kor,assigned
"Korea, Republic Of",KR,KOR,,+82,KRW,ğŸ‡°ğŸ‡·,KOR,kor,assigned
Kosovo,XK,,,+383,EUR,,KOS,"sqi,srp,bos,tur,rom",user assigned
Kuwait,KW,KWT,,+965,KWD,ğŸ‡°ğŸ‡¼,KUW,ara,assigned
Kyrgyzstan,KG,KGZ,,+996,KGS,ğŸ‡°ğŸ‡¬,KGZ,rus,assigned
Lao People's Democratic Republic,LA,LAO,,+856,LAK,ğŸ‡±ğŸ‡¦,LAO,lao,assigned
Latvia,LV,LVA,,+371,EUR,ğŸ‡±ğŸ‡»,LAT,lav,assigned
Lebanon,LB,LBN,,+961,LBP,ğŸ‡±ğŸ‡§,LIB,"ara,hye",assigned
Lesotho,LS,LSO,,+266,"LSL,ZAR",ğŸ‡±ğŸ‡¸,LES,"eng,sot",assigned
Liberia,LR,LBR,,+231,LRD,ğŸ‡±ğŸ‡·,LBR,eng,assigned
Libya,LY,LBY,,+218,LYD,ğŸ‡±ğŸ‡¾,LBA,ara,assigned
Liechtenstein,LI,LIE,,+423,CHF,ğŸ‡±ğŸ‡®,LIE,deu,assigned
Lithuania,LT,LTU,,+370,EUR,ğŸ‡±ğŸ‡¹,LTU,lit,assigned
Luxembourg,LU,LUX,,+352,EUR,ğŸ‡±ğŸ‡º,LUX,"fra,deu,ltz",assigned
Macao,MO,MAC,,+853,MOP,ğŸ‡²ğŸ‡´,MAC,"zho,por",assigned
"Macedonia, The Former Yugoslav Republic Of",MK,MKD,,+389,MKD,ğŸ‡²ğŸ‡°,MKD,mkd,assigned
Madagascar,MG,MDG,,+261,MGA,ğŸ‡²ğŸ‡¬,MAD,"fra,mlg",assigned
Malawi,MW,MWI,,+265,MWK,ğŸ‡²ğŸ‡¼,MAW,"eng,nya",assigned
Malaysia,MY,MYS,,+60,MYR,ğŸ‡²ğŸ‡¾,MAS,"msa,eng",assigned
Maldives,MV,MDV,,+960,MVR,ğŸ‡²ğŸ‡»,MDV,div,assigned
Mali,ML,MLI,,+223,XOF,ğŸ‡²ğŸ‡±,MLI,fra,assigned
Malta,MT,MLT,,+356,EUR,ğŸ‡²ğŸ‡¹,MLT,"mlt,eng",assigned
Marshall Islands,MH,MHL,,+692,USD,ğŸ‡²ğŸ‡­,MHL,"eng,mah",assigned
Martinique,MQ,MTQ,,+596,EUR,ğŸ‡²ğŸ‡¶,,,assigned
Mauritania,MR,MRT,,+222,MRO,ğŸ‡²ğŸ‡·,MTN,"ara,fra",assigned
Mauritius,MU,MUS,,+230,MUR,ğŸ‡²ğŸ‡º,MRI,"eng,fra",assigned
Mayotte,YT,MYT,,+262,EUR,ğŸ‡¾ğŸ‡¹,,fra,assigned
Mexico,MX,MEX,,+52,"MXN,MXV",ğŸ‡²ğŸ‡½,MEX,spa,assigned
"Micronesia, Federated States Of",FM,FSM,,+691,USD,ğŸ‡«ğŸ‡²,FSM,eng,assigned
Moldova,MD,MDA,,+373,MDL,ğŸ‡²ğŸ‡©,MDA,ron,assigned
Monaco,MC,MCO,,+377,EUR,ğŸ‡²ğŸ‡¨,MON,fra,assigned
Mongolia,MN,MNG,,+976,MNT,ğŸ‡²ğŸ‡³,MGL,mon,assigned
Montenegro,ME,MNE,,+382,EUR,ğŸ‡²ğŸ‡ª,MNE,mot,assigned
Montserrat,MS,MSR,,+1 664,XCD,ğŸ‡²ğŸ‡¸,,,assigned
Morocco,MA,MAR,,+212,MAD,ğŸ‡²ğŸ‡¦,MAR,ara,assigned
Mozambique,MZ,MOZ,,+258,MZN,ğŸ‡²ğŸ‡¿,MOZ,por,assigned
Myanmar,MM,MMR,,+95,MMK,ğŸ‡²ğŸ‡²,MYA,mya,assigned
Namibia,NA,NAM,,+264,"NAD,ZAR",ğŸ‡³ğŸ‡¦,NAM,eng,assigned
Nauru,NR,NRU,,+674,AUD,ğŸ‡³ğŸ‡·,NRU,"eng,nau",assigned
Nepal,NP,NPL,,+977,NPR,ğŸ‡³ğŸ‡µ,NEP,nep,assigned
Netherlands,NL,NLD,,+31,EUR,ğŸ‡³ğŸ‡±,NED,nld,assigned
New Caledonia,NC,NCL,,+687,XPF,ğŸ‡³ğŸ‡¨,,fra,assigned
New Zealand,NZ,NZL,,+64,NZD,ğŸ‡³ğŸ‡¿,NZL,eng,assigned
Nicaragua,NI,NIC,,+505,NIO,ğŸ‡³ğŸ‡®,NCA,spa,assigned
Niger,NE,NER,,+227,XOF,ğŸ‡³ğŸ‡ª,NIG,fra,assigned
Nigeria,NG,NGA,,+234,NGN,ğŸ‡³ğŸ‡¬,NGR,eng,assigned
Niue,NU,NIU,,+683,NZD,ğŸ‡³ğŸ‡º,,eng,assigned
Norfolk Island,NF,NFK,,+672,AUD,ğŸ‡³ğŸ‡«,,eng,assigned
Northern Mariana Islands,MP,MNP,,+1 670,USD,ğŸ‡²ğŸ‡µ,,eng,assigned
Norway,NO,NOR,,+47,NOK,ğŸ‡³ğŸ‡´,NOR,nor,assigned
Oman,OM,OMN,,+968,OMR,ğŸ‡´ğŸ‡²,OMA,ara,assigned
Pakistan,PK,PAK,,+92,PKR,ğŸ‡µğŸ‡°,PAK,"urd,eng",assigned
Palau,PW,PLW,,+680,USD,ğŸ‡µğŸ‡¼,PLW,eng,assigned
"Palestinian Territory, Occupied",PS,PSE,,+970,"JOD,EGP,ILS",ğŸ‡µğŸ‡¸,PLE,ara,assigned
Panama,PA,PAN,,+507,"PAB,USD",ğŸ‡µğŸ‡¦,PAN,spa,assigned
Papua New Guinea,PG,PNG,,+675,PGK,ğŸ‡µğŸ‡¬,PNG,eng,assigned
Paraguay,PY,PRY,,+595,PYG,ğŸ‡µğŸ‡¾,PAR,spa,assigned
Peru,PE,PER,,+51,PEN,ğŸ‡µğŸ‡ª,PER,"spa,aym,que",assigned
Philippines,PH,PHL,,+63,PHP,ğŸ‡µğŸ‡­,PHI,eng,assigned
Pitcairn,PN,PCN,,+872,NZD,ğŸ‡µğŸ‡³,,eng,assigned
Poland,PL,POL,,+48,PLN,ğŸ‡µğŸ‡±,POL,pol,assigned
Portugal,PT,PRT,,+351,EUR,ğŸ‡µğŸ‡¹,POR,por,assigned
Puerto Rico,PR,PRI,,"+1 787,+1 939",USD,ğŸ‡µğŸ‡·,PUR,"spa,eng",assigned
Qatar,QA,QAT,,+974,QAR,ğŸ‡¶ğŸ‡¦,QAT,ara,assigned
Republic Of Congo,CG,COG,,+242,XAF,ğŸ‡¨ğŸ‡¬,CGO,"fra,lin",assigned
Reunion,RE,REU,,+262,EUR,ğŸ‡·ğŸ‡ª,,fra,assigned
Romania,RO,ROU,,+40,RON,ğŸ‡·ğŸ‡´,ROU,ron,assigned
Russian Federation,RU,RUS,,"+7,+7 3,+7 4,+7 8",RUB,ğŸ‡·ğŸ‡º,RUS,rus,assigned
Rwanda,RW,RWA,,+250,RWF,ğŸ‡·ğŸ‡¼,RWA,"eng,fra,kin",assigned
Saint BarthÃ©lemy,BL,BLM,,+590,EUR,ğŸ‡§ğŸ‡±,,fra,assigned
"Saint Helena, Ascension And Tristan Da Cunha",SH,SHN,,+290,SHP,ğŸ‡¸ğŸ‡­,,eng,assigned
Saint Kitts And Nevis,KN,KNA,,+1 869,XCD,ğŸ‡°ğŸ‡³,SKN,eng,assigned
Saint Lucia,LC,LCA,,+1 758,XCD,ğŸ‡±ğŸ‡¨,LCA,eng,assigned
Saint Martin,MF,MAF,,+590,EUR,ğŸ‡²ğŸ‡«,,fra,assigned
Saint Pierre And Miquelon,PM,SPM,,+508,EUR,ğŸ‡µğŸ‡²,,eng,assigned
Saint Vincent And The Grenadines,VC,VCT,,+1 784,XCD,ğŸ‡»ğŸ‡¨,VIN,eng,assigned
Samoa,WS,WSM,,+685,WST,ğŸ‡¼ğŸ‡¸,SAM,"eng,smo",assigned
San Marino,SM,SMR,,+378,EUR,ğŸ‡¸ğŸ‡²,SMR,ita,assigned
Sao Tome and Principe,ST,STP,,+239,STD,ğŸ‡¸ğŸ‡¹,STP,por,assigned
Saudi Arabia,SA,SAU,,+966,SAR,ğŸ‡¸ğŸ‡¦,KSA,ara,assigned
Senegal,SN,SEN,,+221,XOF,ğŸ‡¸ğŸ‡³,SEN,fra,assigned
Serbia,RS,SRB,,+381,RSD,ğŸ‡·ğŸ‡¸,SRB,srp,assigned
Seychelles,SC,SYC,,+248,SCR,ğŸ‡¸ğŸ‡¨,SEY,"eng,fra",assigned
Sierra Leone,SL,SLE,,+232,SLL,ğŸ‡¸ğŸ‡±,SLE,eng,assigned
Singapore,SG,SGP,,+65,SGD,ğŸ‡¸ğŸ‡¬,SIN,"eng,zho,msa,tam",assigned
Sint Maarten,SX,SXM,,+1 721,ANG,ğŸ‡¸ğŸ‡½,,nld,assigned
Slovakia,SK,SVK,,+421,EUR,ğŸ‡¸ğŸ‡°,SVK,slk,assigned
Slovenia,SI,SVN,,+386,EUR,ğŸ‡¸ğŸ‡®,SLO,slv,assigned
Solomon Islands,SB,SLB,,+677,SBD,ğŸ‡¸ğŸ‡§,SOL,eng,assigned
Somalia,SO,SOM,,+252,SOS,ğŸ‡¸ğŸ‡´,SOM,som,assigned
South Africa,ZA,ZAF,,+27,ZAR,ğŸ‡¿ğŸ‡¦,RSA,"afr,eng,nbl,som,tso,ven,xho,zul",assigned
South Georgia And The South Sandwich Islands,GS,SGS,,,GBP,ğŸ‡¬ğŸ‡¸,,eng,assigned
South Sudan,SS,SSD,.ss,+211,SSP,ğŸ‡¸ğŸ‡¸,SSD,eng,assigned
Spain,ES,ESP,,+34,EUR,ğŸ‡ªğŸ‡¸,ESP,spa,assigned
Sri Lanka,LK,LKA,,+94,LKR,ğŸ‡±ğŸ‡°,SRI,"sin,tam",assigned
Sudan,SD,SDN,,+249,SDG,ğŸ‡¸ğŸ‡©,SUD,"ara,eng",assigned
Suriname,SR,SUR,,+597,SRD,ğŸ‡¸ğŸ‡·,SUR,nld,assigned
Svalbard And Jan Mayen,SJ,SJM,,+47,NOK,ğŸ‡¸ğŸ‡¯,,,assigned
Swaziland,SZ,SWZ,,+268,SZL,ğŸ‡¸ğŸ‡¿,SWZ,"eng,ssw",assigned
Sweden,SE,SWE,,+46,SEK,ğŸ‡¸ğŸ‡ª,SWE,swe,assigned
Switzerland,CH,CHE,,+41,"CHF,CHE,CHW",ğŸ‡¨ğŸ‡­,SUI,"deu,fra,ita,roh",assigned
Syrian Arab Republic,SY,SYR,,+963,SYP,ğŸ‡¸ğŸ‡¾,SYR,ara,assigned
Taiwan,TW,TWN,,+886,TWD,ğŸ‡¹ğŸ‡¼,TPE,zho,assigned
Tajikistan,TJ,TJK,,+992,TJS,ğŸ‡¹ğŸ‡¯,TJK,"tgk,rus",assigned
"Tanzania, United Republic Of",TZ,TZA,,+255,TZS,ğŸ‡¹ğŸ‡¿,TAN,"swa,eng",assigned
Thailand,TH,THA,,+66,THB,ğŸ‡¹ğŸ‡­,THA,tha,assigned
"Timor-Leste, Democratic Republic of",TL,TLS,,+670,USD,ğŸ‡¹ğŸ‡±,TLS,por,assigned
Togo,TG,TGO,,+228,XOF,ğŸ‡¹ğŸ‡¬,TOG,fra,assigned
Tokelau,TK,TKL,,+690,NZD,ğŸ‡¹ğŸ‡°,,eng,assigned
Tonga,TO,TON,,+676,TOP,ğŸ‡¹ğŸ‡´,TGA,eng,assigned
Trinidad And Tobago,TT,TTO,,+1 868,TTD,ğŸ‡¹ğŸ‡¹,TTO,eng,assigned
Tristan de Cunha,TA,,,+290,GBP,,,,reserved
Tunisia,TN,TUN,,+216,TND,ğŸ‡¹ğŸ‡³,TUN,ara,assigned
Turkey,TR,TUR,,+90,TRY,ğŸ‡¹ğŸ‡·,TUR,tur,assigned
Turkmenistan,TM,TKM,,+993,TMT,ğŸ‡¹ğŸ‡²,TKM,"tuk,rus",assigned
Turks And Caicos Islands,TC,TCA,,+1 649,USD,ğŸ‡¹ğŸ‡¨,,eng,assigned
Tuvalu,TV,TUV,,+688,AUD,ğŸ‡¹ğŸ‡»,TUV,eng,assigned
Uganda,UG,UGA,,+256,UGX,ğŸ‡ºğŸ‡¬,UGA,"eng,swa",assigned
Ukraine,UA,UKR,,+380,UAH,ğŸ‡ºğŸ‡¦,UKR,"ukr,rus",assigned
United Arab Emirates,AE,ARE,,+971,AED,ğŸ‡¦ğŸ‡ª,UAE,ara,assigned
United Kingdom,GB,GBR,,+44,GBP,ğŸ‡¬ğŸ‡§,GBR,"eng,cor,gle,gla,cym",assigned
United Kingdom,UK,,.uk,,GBP,,,"eng,cor,gle,gla,cym",reserved
United States,US,USA,,+1,USD,ğŸ‡ºğŸ‡¸,USA,eng,assigned
United States Minor Outlying Islands,UM,UMI,,+1,USD,ğŸ‡ºğŸ‡²,,eng,assigned
Uruguay,UY,URY,,+598,"UYU,UYI",ğŸ‡ºğŸ‡¾,URU,spa,assigned
USSR,SU,,.su,,RUB,,,rus,reserved
Uzbekistan,UZ,UZB,,+998,UZS,ğŸ‡ºğŸ‡¿,UZB,"uzb,rus",assigned
Vanuatu,VU,VUT,,+678,VUV,ğŸ‡»ğŸ‡º,VAN,"bis,eng,fra",assigned
Vatican City State,VA,VAT,,"+379,+39",EUR,ğŸ‡»ğŸ‡¦,,ita,assigned
"Venezuela, Bolivarian Republic Of",VE,VEN,,+58,VEF,ğŸ‡»ğŸ‡ª,VEN,spa,assigned
Viet Nam,VN,VNM,,+84,VND,ğŸ‡»ğŸ‡³,VIE,vie,assigned
Virgin Islands (British),VG,VGB,,+1 284,USD,ğŸ‡»ğŸ‡¬,IVB,eng,assigned
Virgin Islands (US),VI,VIR,,+1 340,USD,ğŸ‡»ğŸ‡®,ISV,eng,assigned
Wallis And Futuna,WF,WLF,,+681,XPF,ğŸ‡¼ğŸ‡«,,fra,assigned
Western Sahara,EH,ESH,,+212,MAD,ğŸ‡ªğŸ‡­,,,assigned
Yemen,YE,YEM,,+967,YER,ğŸ‡¾ğŸ‡ª,YEM,ara,assigned
Zambia,ZM,ZMB,,+260,ZMW,ğŸ‡¿ğŸ‡²,ZAM,eng,assigned
Zimbabwe,ZW,ZWE,,+263,"USD,ZAR,BWP,GBP,EUR",ğŸ‡¿ğŸ‡¼,ZIM,"eng,sna,nde",assigned
Ã…land Islands,AX,ALA,,+358,EUR,ğŸ‡¦ğŸ‡½,,swe,assigned
